instance_file,n,gamma,s,rep,seed,gurobi_obj,gurobi_time,gurobi_status,is_timeout,is_inferred,reason
classI_instance_0001_n5_g0.5_rep1.txt,5,0.5,5,1,20260209,74.000000,0.037018,OPTIMAL,0,0,
classI_instance_0002_n5_g0.5_rep2.txt,5,0.5,10,2,20260210,103.000000,0.040675,OPTIMAL,0,0,
classI_instance_0003_n5_g0.5_rep3.txt,5,0.5,5,3,20260211,39.000000,0.022081,OPTIMAL,0,0,
classI_instance_0004_n5_g0.5_rep4.txt,5,0.5,10,4,20260212,74.000000,0.027178,OPTIMAL,0,0,
classI_instance_0005_n5_g0.5_rep5.txt,5,0.5,15,5,20260213,58.000000,0.020800,OPTIMAL,0,0,
classI_instance_0006_n5_g0.5_rep6.txt,5,0.5,10,6,20260214,84.000000,0.044518,OPTIMAL,0,0,
classI_instance_0007_n5_g0.5_rep7.txt,5,0.5,5,7,20260215,95.000000,0.036080,OPTIMAL,0,0,
classI_instance_0008_n5_g0.5_rep8.txt,5,0.5,15,8,20260216,121.000000,0.024493,OPTIMAL,0,0,
classI_instance_0009_n5_g0.5_rep9.txt,5,0.5,5,9,20260217,75.000000,0.044982,OPTIMAL,0,0,
classI_instance_0010_n5_g0.5_rep10.txt,5,0.5,15,10,20260218,110.000000,0.021649,OPTIMAL,0,0,
classI_instance_0011_n5_g0.7_rep1.txt,5,0.7,5,1,20260209,74.000000,0.033581,OPTIMAL,0,0,
classI_instance_0012_n5_g0.7_rep2.txt,5,0.7,10,2,20260210,12.000000,0.009392,OPTIMAL,0,0,
classI_instance_0013_n5_g0.7_rep3.txt,5,0.7,5,3,20260211,15.000000,0.010156,OPTIMAL,0,0,
classI_instance_0014_n5_g0.7_rep4.txt,5,0.7,10,4,20260212,12.000000,0.006448,OPTIMAL,0,0,
classI_instance_0015_n5_g0.7_rep5.txt,5,0.7,15,5,20260213,42.000000,0.009304,OPTIMAL,0,0,
classI_instance_0016_n5_g0.7_rep6.txt,5,0.7,10,6,20260214,42.000000,0.029697,OPTIMAL,0,0,
classI_instance_0017_n5_g0.7_rep7.txt,5,0.7,5,7,20260215,95.000000,0.032669,OPTIMAL,0,0,
classI_instance_0018_n5_g0.7_rep8.txt,5,0.7,15,8,20260216,55.000000,0.022975,OPTIMAL,0,0,
classI_instance_0019_n5_g0.7_rep9.txt,5,0.7,5,9,20260217,20.000000,0.004833,OPTIMAL,0,0,
classI_instance_0020_n5_g0.7_rep10.txt,5,0.7,15,10,20260218,62.000000,0.021397,OPTIMAL,0,0,
classI_instance_0021_n5_g0.9_rep1.txt,5,0.9,5,1,20260209,74.000000,0.033491,OPTIMAL,0,0,
classI_instance_0022_n5_g0.9_rep2.txt,5,0.9,10,2,20260210,12.000000,0.009509,OPTIMAL,0,0,
classI_instance_0023_n5_g0.9_rep3.txt,5,0.9,5,3,20260211,15.000000,0.010036,OPTIMAL,0,0,
classI_instance_0024_n5_g0.9_rep4.txt,5,0.9,10,4,20260212,12.000000,0.006809,OPTIMAL,0,0,
classI_instance_0025_n5_g0.9_rep5.txt,5,0.9,15,5,20260213,42.000000,0.009231,OPTIMAL,0,0,
classI_instance_0026_n5_g0.9_rep6.txt,5,0.9,10,6,20260214,42.000000,0.032103,OPTIMAL,0,0,
classI_instance_0027_n5_g0.9_rep7.txt,5,0.9,5,7,20260215,95.000000,0.034047,OPTIMAL,0,0,
classI_instance_0028_n5_g0.9_rep8.txt,5,0.9,15,8,20260216,55.000000,0.022536,OPTIMAL,0,0,
classI_instance_0029_n5_g0.9_rep9.txt,5,0.9,5,9,20260217,20.000000,0.005119,OPTIMAL,0,0,
classI_instance_0030_n5_g0.9_rep10.txt,5,0.9,15,10,20260218,62.000000,0.023402,OPTIMAL,0,0,
classI_instance_0031_n10_g0.5_rep1.txt,10,0.5,5,1,20260209,99.000000,33.728814,OPTIMAL,0,0,
classI_instance_0032_n10_g0.5_rep2.txt,10,0.5,10,2,20260210,259.000000,2.509299,OPTIMAL,0,0,
classI_instance_0033_n10_g0.5_rep3.txt,10,0.5,5,3,20260211,84.000000,5.989812,OPTIMAL,0,0,
classI_instance_0034_n10_g0.5_rep4.txt,10,0.5,10,4,20260212,146.000000,2.225495,OPTIMAL,0,0,
classI_instance_0035_n10_g0.5_rep5.txt,10,0.5,15,5,20260213,84.000000,1.646095,OPTIMAL,0,0,
classI_instance_0036_n10_g0.5_rep6.txt,10,0.5,10,6,20260214,131.000000,2.064189,OPTIMAL,0,0,
classI_instance_0037_n10_g0.5_rep7.txt,10,0.5,5,7,20260215,150.000000,30.981882,OPTIMAL,0,0,
classI_instance_0038_n10_g0.5_rep8.txt,10,0.5,15,8,20260216,207.000000,1.292409,OPTIMAL,0,0,
classI_instance_0039_n10_g0.5_rep9.txt,10,0.5,5,9,20260217,142.000000,18.435679,OPTIMAL,0,0,
classI_instance_0040_n10_g0.5_rep10.txt,10,0.5,15,10,20260218,177.000000,0.839363,OPTIMAL,0,0,
classI_instance_0041_n10_g0.7_rep1.txt,10,0.7,5,1,20260209,57.000000,0.631929,OPTIMAL,0,0,
classI_instance_0042_n10_g0.7_rep2.txt,10,0.7,10,2,20260210,179.000000,2.119383,OPTIMAL,0,0,
classI_instance_0043_n10_g0.7_rep3.txt,10,0.7,5,3,20260211,40.000000,1.203014,OPTIMAL,0,0,
classI_instance_0044_n10_g0.7_rep4.txt,10,0.7,10,4,20260212,75.000000,0.369256,OPTIMAL,0,0,
classI_instance_0045_n10_g0.7_rep5.txt,10,0.7,15,5,20260213,84.000000,1.652827,OPTIMAL,0,0,
classI_instance_0046_n10_g0.7_rep6.txt,10,0.7,10,6,20260214,58.000000,1.265083,OPTIMAL,0,0,
classI_instance_0047_n10_g0.7_rep7.txt,10,0.7,5,7,20260215,68.000000,9.292886,OPTIMAL,0,0,
classI_instance_0048_n10_g0.7_rep8.txt,10,0.7,15,8,20260216,115.000000,1.047803,OPTIMAL,0,0,
classI_instance_0049_n10_g0.7_rep9.txt,10,0.7,5,9,20260217,63.000000,8.103931,OPTIMAL,0,0,
classI_instance_0050_n10_g0.7_rep10.txt,10,0.7,15,10,20260218,135.000000,0.387580,OPTIMAL,0,0,
classI_instance_0051_n10_g0.9_rep1.txt,10,0.9,5,1,20260209,8.000000,0.086262,OPTIMAL,0,0,
classI_instance_0052_n10_g0.9_rep2.txt,10,0.9,10,2,20260210,133.000000,0.818900,OPTIMAL,0,0,
classI_instance_0053_n10_g0.9_rep3.txt,10,0.9,5,3,20260211,36.000000,0.721433,OPTIMAL,0,0,
classI_instance_0054_n10_g0.9_rep4.txt,10,0.9,10,4,20260212,75.000000,0.369417,OPTIMAL,0,0,
classI_instance_0055_n10_g0.9_rep5.txt,10,0.9,15,5,20260213,93.000000,0.699596,OPTIMAL,0,0,
classI_instance_0056_n10_g0.9_rep6.txt,10,0.9,10,6,20260214,58.000000,1.257981,OPTIMAL,0,0,
classI_instance_0057_n10_g0.9_rep7.txt,10,0.9,5,7,20260215,44.000000,0.258181,OPTIMAL,0,0,
classI_instance_0058_n10_g0.9_rep8.txt,10,0.9,15,8,20260216,99.000000,0.282428,OPTIMAL,0,0,
classI_instance_0059_n10_g0.9_rep9.txt,10,0.9,5,9,20260217,14.000000,0.094793,OPTIMAL,0,0,
classI_instance_0060_n10_g0.9_rep10.txt,10,0.9,15,10,20260218,83.000000,0.298919,OPTIMAL,0,0,
classI_instance_0061_n15_g0.5_rep1.txt,15,0.5,5,1,20260209,165.000000,1800.000000,TIME_LIMIT,1,0,
classI_instance_0062_n15_g0.5_rep2.txt,15,0.5,10,2,20260210,218.000000,1194.581407,OPTIMAL,0,0,
classI_instance_0063_n15_g0.5_rep3.txt,15,0.5,5,3,20260211,90.000000,1800.000000,TIME_LIMIT,1,0,
classI_instance_0064_n15_g0.5_rep4.txt,15,0.5,10,4,20260212,162.000000,97.288675,OPTIMAL,0,0,
classI_instance_0065_n15_g0.5_rep5.txt,15,0.5,15,5,20260213,153.000000,5.168301,OPTIMAL,0,0,
classI_instance_0066_n15_g0.5_rep6.txt,15,0.5,10,6,20260214,226.000000,42.443674,OPTIMAL,0,0,
classI_instance_0067_n15_g0.5_rep7.txt,15,0.5,5,7,20260215,166.000000,1800.000000,TIME_LIMIT,1,0,
classI_instance_0068_n15_g0.5_rep8.txt,15,0.5,15,8,20260216,289.000000,4.613323,OPTIMAL,0,0,
classI_instance_0069_n15_g0.5_rep9.txt,15,0.5,5,9,20260217,219.000000,1800.000000,TIME_LIMIT,1,0,
classI_instance_0070_n15_g0.5_rep10.txt,15,0.5,15,10,20260218,279.000000,15.297950,OPTIMAL,0,0,
classI_instance_0071_n15_g0.7_rep1.txt,15,0.7,5,1,20260209,109.000000,1800.000000,TIME_LIMIT,1,0,
classI_instance_0072_n15_g0.7_rep2.txt,15,0.7,10,2,20260210,181.000000,21.564972,OPTIMAL,0,0,
classI_instance_0073_n15_g0.7_rep3.txt,15,0.7,5,3,20260211,48.000000,1800.000000,TIME_LIMIT,1,0,
classI_instance_0074_n15_g0.7_rep4.txt,15,0.7,10,4,20260212,96.000000,381.689585,OPTIMAL,0,0,
classI_instance_0075_n15_g0.7_rep5.txt,15,0.7,15,5,20260213,153.000000,5.142974,OPTIMAL,0,0,
classI_instance_0076_n15_g0.7_rep6.txt,15,0.7,10,6,20260214,143.000000,5.219133,OPTIMAL,0,0,
classI_instance_0077_n15_g0.7_rep7.txt,15,0.7,5,7,20260215,89.000000,314.088165,OPTIMAL,0,0,
classI_instance_0078_n15_g0.7_rep8.txt,15,0.7,15,8,20260216,174.000000,11.526861,OPTIMAL,0,0,
classI_instance_0079_n15_g0.7_rep9.txt,15,0.7,5,9,20260217,167.000000,1800.000000,TIME_LIMIT,1,0,
classI_instance_0080_n15_g0.7_rep10.txt,15,0.7,15,10,20260218,169.000000,4.199795,OPTIMAL,0,0,
classI_instance_0081_n15_g0.9_rep1.txt,15,0.9,5,1,20260209,60.000000,557.065235,OPTIMAL,0,0,
classI_instance_0082_n15_g0.9_rep2.txt,15,0.9,10,2,20260210,170.000000,19.832146,OPTIMAL,0,0,
classI_instance_0083_n15_g0.9_rep3.txt,15,0.9,5,3,20260211,21.000000,39.201985,OPTIMAL,0,0,
classI_instance_0084_n15_g0.9_rep4.txt,15,0.9,10,4,20260212,67.000000,57.490540,OPTIMAL,0,0,
classI_instance_0085_n15_g0.9_rep5.txt,15,0.9,15,5,20260213,52.000000,1.485441,OPTIMAL,0,0,
classI_instance_0086_n15_g0.9_rep6.txt,15,0.9,10,6,20260214,101.000000,3.704543,OPTIMAL,0,0,
classI_instance_0087_n15_g0.9_rep7.txt,15,0.9,5,7,20260215,71.000000,113.027199,OPTIMAL,0,0,
classI_instance_0088_n15_g0.9_rep8.txt,15,0.9,15,8,20260216,173.000000,4.452608,OPTIMAL,0,0,
classI_instance_0089_n15_g0.9_rep9.txt,15,0.9,5,9,20260217,53.000000,0.716053,OPTIMAL,0,0,
classI_instance_0090_n15_g0.9_rep10.txt,15,0.9,15,10,20260218,148.000000,2.081417,OPTIMAL,0,0,
classI_instance_0091_n20_g0.5_rep1.txt,20,0.5,5,1,20260209,195.000000,1800.000000,TIME_LIMIT,1,0,
classI_instance_0092_n20_g0.5_rep2.txt,20,0.5,10,2,20260210,265.000000,1800.000000,TIME_LIMIT,1,0,
classI_instance_0093_n20_g0.5_rep3.txt,20,0.5,5,3,20260211,134.000000,1800.000000,TIME_LIMIT,1,0,
classI_instance_0094_n20_g0.5_rep4.txt,20,0.5,10,4,20260212,331.000000,1800.000000,TIME_LIMIT,1,0,
classI_instance_0095_n20_g0.5_rep5.txt,20,0.5,15,5,20260213,311.000000,73.645940,OPTIMAL,0,0,
classI_instance_0096_n20_g0.5_rep6.txt,20,0.5,10,6,20260214,250.000000,1800.000000,TIME_LIMIT,1,0,
classI_instance_0097_n20_g0.5_rep7.txt,20,0.5,5,7,20260215,221.000000,1800.000000,TIME_LIMIT,1,0,
classI_instance_0098_n20_g0.5_rep8.txt,20,0.5,15,8,20260216,258.000000,1800.000000,TIME_LIMIT,1,0,
classI_instance_0099_n20_g0.5_rep9.txt,20,0.5,5,9,20260217,229.000000,1800.000000,TIME_LIMIT,1,0,
classI_instance_0100_n20_g0.5_rep10.txt,20,0.5,15,10,20260218,227.000000,1733.312501,OPTIMAL,0,0,
classI_instance_0101_n20_g0.7_rep1.txt,20,0.7,5,1,20260209,108.000000,1800.000000,TIME_LIMIT,1,0,
classI_instance_0102_n20_g0.7_rep2.txt,20,0.7,10,2,20260210,188.000000,471.431774,OPTIMAL,0,0,
classI_instance_0103_n20_g0.7_rep3.txt,20,0.7,5,3,20260211,78.000000,1800.000000,TIME_LIMIT,1,0,
classI_instance_0104_n20_g0.7_rep4.txt,20,0.7,10,4,20260212,217.000000,1800.000000,TIME_LIMIT,1,0,
classI_instance_0105_n20_g0.7_rep5.txt,20,0.7,15,5,20260213,147.000000,36.517355,OPTIMAL,0,0,
classI_instance_0106_n20_g0.7_rep6.txt,20,0.7,10,6,20260214,219.000000,1800.000000,TIME_LIMIT,1,0,
classI_instance_0107_n20_g0.7_rep7.txt,20,0.7,5,7,20260215,107.000000,1800.000000,TIME_LIMIT,1,0,
classI_instance_0108_n20_g0.7_rep8.txt,20,0.7,15,8,20260216,228.000000,1800.000000,TIME_LIMIT,1,0,
classI_instance_0109_n20_g0.7_rep9.txt,20,0.7,5,9,20260217,200.000000,1800.000000,TIME_LIMIT,1,0,
classI_instance_0110_n20_g0.7_rep10.txt,20,0.7,15,10,20260218,218.000000,1800.000000,TIME_LIMIT,1,0,
classI_instance_0111_n20_g0.9_rep1.txt,20,0.9,5,1,20260209,70.000000,1800.000000,TIME_LIMIT,1,0,
classI_instance_0112_n20_g0.9_rep2.txt,20,0.9,10,2,20260210,110.000000,536.758252,OPTIMAL,0,0,
classI_instance_0113_n20_g0.9_rep3.txt,20,0.9,5,3,20260211,35.000000,1800.000000,TIME_LIMIT,1,0,
classI_instance_0114_n20_g0.9_rep4.txt,20,0.9,10,4,20260212,159.000000,473.509000,OPTIMAL,0,0,
classI_instance_0115_n20_g0.9_rep5.txt,20,0.9,15,5,20260213,182.000000,105.186689,OPTIMAL,0,0,
classI_instance_0116_n20_g0.9_rep6.txt,20,0.9,10,6,20260214,79.000000,27.973289,OPTIMAL,0,0,
classI_instance_0117_n20_g0.9_rep7.txt,20,0.9,5,7,20260215,16.000000,877.413498,OPTIMAL,0,0,
classI_instance_0118_n20_g0.9_rep8.txt,20,0.9,15,8,20260216,143.000000,71.415027,OPTIMAL,0,0,
classI_instance_0119_n20_g0.9_rep9.txt,20,0.9,5,9,20260217,110.000000,124.159427,OPTIMAL,0,0,
classI_instance_0120_n20_g0.9_rep10.txt,20,0.9,15,10,20260218,67.000000,52.912500,OPTIMAL,0,0,
classI_instance_0121_n25_g0.5_rep1.txt,25,0.5,5,1,20260209,165.000000,1800.000000,TIME_LIMIT,1,0,
classI_instance_0122_n25_g0.5_rep2.txt,25,0.5,10,2,20260210,223.000000,1800.000000,TIME_LIMIT,1,0,
classI_instance_0123_n25_g0.5_rep3.txt,25,0.5,5,3,20260211,317.000000,1800.000000,TIME_LIMIT,1,0,
classI_instance_0124_n25_g0.5_rep4.txt,25,0.5,10,4,20260212,341.000000,1800.000000,TIME_LIMIT,1,0,
classI_instance_0125_n25_g0.5_rep5.txt,25,0.5,15,5,20260213,360.000000,1800.000000,TIME_LIMIT,1,0,
classI_instance_0126_n25_g0.5_rep6.txt,25,0.5,10,6,20260214,294.000000,1800.000000,TIME_LIMIT,1,0,
classI_instance_0127_n25_g0.5_rep7.txt,25,0.5,5,7,20260215,309.000000,1800.000000,TIME_LIMIT,1,0,
classI_instance_0128_n25_g0.5_rep8.txt,25,0.5,15,8,20260216,388.000000,1800.000000,TIME_LIMIT,1,0,
classI_instance_0129_n25_g0.5_rep9.txt,25,0.5,5,9,20260217,273.000000,1800.000000,TIME_LIMIT,1,0,
classI_instance_0130_n25_g0.5_rep10.txt,25,0.5,15,10,20260218,283.000000,1800.000000,TIME_LIMIT,1,0,
classI_instance_0131_n25_g0.7_rep1.txt,25,0.7,5,1,20260209,125.000000,1800.000000,TIME_LIMIT,1,0,
classI_instance_0132_n25_g0.7_rep2.txt,25,0.7,10,2,20260210,137.000000,1800.000000,TIME_LIMIT,1,0,
classI_instance_0133_n25_g0.7_rep3.txt,25,0.7,5,3,20260211,129.000000,1800.000000,TIME_LIMIT,1,0,
classI_instance_0134_n25_g0.7_rep4.txt,25,0.7,10,4,20260212,292.000000,1800.000000,TIME_LIMIT,1,0,
classI_instance_0135_n25_g0.7_rep5.txt,25,0.7,15,5,20260213,270.000000,1712.649798,OPTIMAL,0,0,
classI_instance_0136_n25_g0.7_rep6.txt,25,0.7,10,6,20260214,184.000000,1800.000000,TIME_LIMIT,1,0,
classI_instance_0137_n25_g0.7_rep7.txt,25,0.7,5,7,20260215,154.000000,1800.000000,TIME_LIMIT,1,0,
classI_instance_0138_n25_g0.7_rep8.txt,25,0.7,15,8,20260216,225.000000,1800.000000,TIME_LIMIT,1,0,
classI_instance_0139_n25_g0.7_rep9.txt,25,0.7,5,9,20260217,161.000000,1800.000000,TIME_LIMIT,1,0,
classI_instance_0140_n25_g0.7_rep10.txt,25,0.7,15,10,20260218,205.000000,1800.000000,TIME_LIMIT,1,0,
classI_instance_0141_n25_g0.9_rep1.txt,25,0.9,5,1,20260209,32.000000,1800.000000,TIME_LIMIT,1,0,
classI_instance_0142_n25_g0.9_rep2.txt,25,0.9,10,2,20260210,74.000000,1800.000000,TIME_LIMIT,1,0,
classI_instance_0143_n25_g0.9_rep3.txt,25,0.9,5,3,20260211,49.000000,1800.000000,TIME_LIMIT,1,0,
classI_instance_0144_n25_g0.9_rep4.txt,25,0.9,10,4,20260212,148.000000,858.413038,OPTIMAL,0,0,
classI_instance_0145_n25_g0.9_rep5.txt,25,0.9,15,5,20260213,175.000000,372.021928,OPTIMAL,0,0,
classI_instance_0146_n25_g0.9_rep6.txt,25,0.9,10,6,20260214,196.000000,1194.422720,OPTIMAL,0,0,
classI_instance_0147_n25_g0.9_rep7.txt,25,0.9,5,7,20260215,91.000000,1800.000000,TIME_LIMIT,1,0,
classI_instance_0148_n25_g0.9_rep8.txt,25,0.9,15,8,20260216,268.000000,1800.000000,TIME_LIMIT,1,0,
classI_instance_0149_n25_g0.9_rep9.txt,25,0.9,5,9,20260217,138.000000,1800.000000,TIME_LIMIT,1,0,
classI_instance_0150_n25_g0.9_rep10.txt,25,0.9,15,10,20260218,90.000000,1800.000000,TIME_LIMIT,1,0,
classI_instance_0151_n30_g0.5_rep1.txt,30,0.5,5,1,20260209,377.000000,1800.000000,TIME_LIMIT,1,0,
classI_instance_0152_n30_g0.5_rep2.txt,30,0.5,10,2,20260210,289.000000,1800.000000,TIME_LIMIT,1,0,
classI_instance_0153_n30_g0.5_rep3.txt,30,0.5,5,3,20260211,323.000000,1800.000000,TIME_LIMIT,1,0,
classI_instance_0154_n30_g0.5_rep4.txt,30,0.5,10,4,20260212,399.000000,1800.000000,TIME_LIMIT,1,0,
classI_instance_0155_n30_g0.5_rep5.txt,30,0.5,15,5,20260213,294.000000,1800.000000,TIME_LIMIT,1,0,
classI_instance_0156_n30_g0.5_rep6.txt,30,0.5,10,6,20260214,402.000000,1800.000000,TIME_LIMIT,1,0,
classI_instance_0157_n30_g0.5_rep7.txt,30,0.5,5,7,20260215,310.000000,1800.000000,TIME_LIMIT,1,0,
classI_instance_0158_n30_g0.5_rep8.txt,30,0.5,15,8,20260216,495.000000,1800.000000,TIME_LIMIT,1,0,
classI_instance_0159_n30_g0.5_rep9.txt,30,0.5,5,9,20260217,351.000000,1800.000000,TIME_LIMIT,1,0,
classI_instance_0160_n30_g0.5_rep10.txt,30,0.5,15,10,20260218,415.000000,1800.000000,TIME_LIMIT,1,0,
classI_instance_0161_n30_g0.7_rep1.txt,30,0.7,5,1,20260209,268.000000,1800.000000,TIME_LIMIT,1,0,
classI_instance_0162_n30_g0.7_rep2.txt,30,0.7,10,2,20260210,196.000000,1800.000000,TIME_LIMIT,1,0,
classI_instance_0163_n30_g0.7_rep3.txt,30,0.7,5,3,20260211,153.000000,1800.000000,TIME_LIMIT,1,0,
classI_instance_0164_n30_g0.7_rep4.txt,30,0.7,10,4,20260212,283.000000,1800.000000,TIME_LIMIT,1,0,
classI_instance_0165_n30_g0.7_rep5.txt,30,0.7,15,5,20260213,163.000000,1800.000000,TIME_LIMIT,1,0,
classI_instance_0166_n30_g0.7_rep6.txt,30,0.7,10,6,20260214,190.000000,1800.000000,TIME_LIMIT,1,0,
classI_instance_0167_n30_g0.7_rep7.txt,30,0.7,5,7,20260215,239.000000,1800.000000,TIME_LIMIT,1,0,
classI_instance_0168_n30_g0.7_rep8.txt,30,0.7,15,8,20260216,434.000000,1800.000000,TIME_LIMIT,1,0,
classI_instance_0169_n30_g0.7_rep9.txt,30,0.7,5,9,20260217,161.000000,1800.000000,TIME_LIMIT,1,0,
classI_instance_0170_n30_g0.7_rep10.txt,30,0.7,15,10,20260218,248.000000,1800.000000,TIME_LIMIT,1,0,
classI_instance_0171_n30_g0.9_rep1.txt,30,0.9,5,1,20260209,82.000000,1800.000000,TIME_LIMIT,1,0,
classI_instance_0172_n30_g0.9_rep2.txt,30,0.9,10,2,20260210,140.000000,1800.000000,TIME_LIMIT,1,0,
classI_instance_0173_n30_g0.9_rep3.txt,30,0.9,5,3,20260211,51.000000,1800.000000,TIME_LIMIT,1,0,
classI_instance_0174_n30_g0.9_rep4.txt,30,0.9,10,4,20260212,240.000000,1800.000000,TIME_LIMIT,1,0,
classI_instance_0175_n30_g0.9_rep5.txt,30,0.9,15,5,20260213,137.000000,1800.000000,TIME_LIMIT,1,0,
classI_instance_0176_n30_g0.9_rep6.txt,30,0.9,10,6,20260214,113.000000,1800.000000,TIME_LIMIT,1,0,
classI_instance_0177_n30_g0.9_rep7.txt,30,0.9,5,7,20260215,175.000000,1800.000000,TIME_LIMIT,1,0,
classI_instance_0178_n30_g0.9_rep8.txt,30,0.9,15,8,20260216,255.000000,1800.000000,TIME_LIMIT,1,0,
classI_instance_0179_n30_g0.9_rep9.txt,30,0.9,5,9,20260217,189.000000,1800.000000,TIME_LIMIT,1,0,
classI_instance_0180_n30_g0.9_rep10.txt,30,0.9,15,10,20260218,161.000000,1800.000000,TIME_LIMIT,1,0,
