instance_file,n,gamma,s,rep,seed,dp_f_obj,dp_f_time,dp_f_states,dp_f_status,is_timeout,is_inferred,reason
classI_instance_0001_n5_g0.5_rep1.txt,5,0.5,5,1,20260209,74.000000,1.806788,18995,OPTIMAL,0,0,
classI_instance_0002_n5_g0.5_rep2.txt,5,0.5,10,2,20260210,103.000000,0.004651,1871,OPTIMAL,0,0,
classI_instance_0003_n5_g0.5_rep3.txt,5,0.5,5,3,20260211,39.000000,0.006084,9781,OPTIMAL,0,0,
classI_instance_0004_n5_g0.5_rep4.txt,5,0.5,10,4,20260212,74.000000,0.003894,2827,OPTIMAL,0,0,
classI_instance_0005_n5_g0.5_rep5.txt,5,0.5,15,5,20260213,58.000000,0.002987,1658,OPTIMAL,0,0,
classI_instance_0006_n5_g0.5_rep6.txt,5,0.5,10,6,20260214,84.000000,0.003055,2248,OPTIMAL,0,0,
classI_instance_0007_n5_g0.5_rep7.txt,5,0.5,5,7,20260215,95.000000,0.007584,19080,OPTIMAL,0,0,
classI_instance_0008_n5_g0.5_rep8.txt,5,0.5,15,8,20260216,121.000000,0.002688,1398,OPTIMAL,0,0,
classI_instance_0009_n5_g0.5_rep9.txt,5,0.5,5,9,20260217,75.000000,0.004114,6683,OPTIMAL,0,0,
classI_instance_0010_n5_g0.5_rep10.txt,5,0.5,15,10,20260218,110.000000,0.002843,1523,OPTIMAL,0,0,
classI_instance_0011_n5_g0.7_rep1.txt,5,0.7,5,1,20260209,74.000000,0.006673,18995,OPTIMAL,0,0,
classI_instance_0012_n5_g0.7_rep2.txt,5,0.7,10,2,20260210,12.000000,0.013953,51554,OPTIMAL,0,0,
classI_instance_0013_n5_g0.7_rep3.txt,5,0.7,5,3,20260211,15.000000,0.013295,59303,OPTIMAL,0,0,
classI_instance_0014_n5_g0.7_rep4.txt,5,0.7,10,4,20260212,12.000000,0.012331,55814,OPTIMAL,0,0,
classI_instance_0015_n5_g0.7_rep5.txt,5,0.7,15,5,20260213,42.000000,0.003206,6511,OPTIMAL,0,0,
classI_instance_0016_n5_g0.7_rep6.txt,5,0.7,10,6,20260214,42.000000,0.008507,38910,OPTIMAL,0,0,
classI_instance_0017_n5_g0.7_rep7.txt,5,0.7,5,7,20260215,95.000000,0.005411,19080,OPTIMAL,0,0,
classI_instance_0018_n5_g0.7_rep8.txt,5,0.7,15,8,20260216,55.000000,0.003653,10923,OPTIMAL,0,0,
classI_instance_0019_n5_g0.7_rep9.txt,5,0.7,5,9,20260217,20.000000,0.010474,52838,OPTIMAL,0,0,
classI_instance_0020_n5_g0.7_rep10.txt,5,0.7,15,10,20260218,62.000000,0.004451,16041,OPTIMAL,0,0,
classI_instance_0021_n5_g0.9_rep1.txt,5,0.9,5,1,20260209,74.000000,0.005613,18995,OPTIMAL,0,0,
classI_instance_0022_n5_g0.9_rep2.txt,5,0.9,10,2,20260210,12.000000,0.011443,51554,OPTIMAL,0,0,
classI_instance_0023_n5_g0.9_rep3.txt,5,0.9,5,3,20260211,15.000000,0.011649,59303,OPTIMAL,0,0,
classI_instance_0024_n5_g0.9_rep4.txt,5,0.9,10,4,20260212,12.000000,0.011853,55814,OPTIMAL,0,0,
classI_instance_0025_n5_g0.9_rep5.txt,5,0.9,15,5,20260213,42.000000,0.003208,6511,OPTIMAL,0,0,
classI_instance_0026_n5_g0.9_rep6.txt,5,0.9,10,6,20260214,42.000000,0.008142,38910,OPTIMAL,0,0,
classI_instance_0027_n5_g0.9_rep7.txt,5,0.9,5,7,20260215,95.000000,0.005334,19080,OPTIMAL,0,0,
classI_instance_0028_n5_g0.9_rep8.txt,5,0.9,15,8,20260216,55.000000,0.003538,10923,OPTIMAL,0,0,
classI_instance_0029_n5_g0.9_rep9.txt,5,0.9,5,9,20260217,20.000000,0.010272,52838,OPTIMAL,0,0,
classI_instance_0030_n5_g0.9_rep10.txt,5,0.9,15,10,20260218,62.000000,0.004637,16041,OPTIMAL,0,0,
classI_instance_0031_n10_g0.5_rep1.txt,10,0.5,5,1,20260209,99.000000,0.501184,1939520,OPTIMAL,0,0,
classI_instance_0032_n10_g0.5_rep2.txt,10,0.5,10,2,20260210,259.000000,0.210091,736605,OPTIMAL,0,0,
classI_instance_0033_n10_g0.5_rep3.txt,10,0.5,5,3,20260211,84.000000,0.704751,2231963,OPTIMAL,0,0,
classI_instance_0034_n10_g0.5_rep4.txt,10,0.5,10,4,20260212,146.000000,0.306973,1246550,OPTIMAL,0,0,
classI_instance_0035_n10_g0.5_rep5.txt,10,0.5,15,5,20260213,84.000000,0.124265,447129,OPTIMAL,0,0,
classI_instance_0036_n10_g0.5_rep6.txt,10,0.5,10,6,20260214,131.000000,0.531875,2036348,OPTIMAL,0,0,
classI_instance_0037_n10_g0.5_rep7.txt,10,0.5,5,7,20260215,150.000000,0.751025,2500893,OPTIMAL,0,0,
classI_instance_0038_n10_g0.5_rep8.txt,10,0.5,15,8,20260216,207.000000,0.080225,318042,OPTIMAL,0,0,
classI_instance_0039_n10_g0.5_rep9.txt,10,0.5,5,9,20260217,142.000000,1.041246,3819354,OPTIMAL,0,0,
classI_instance_0040_n10_g0.5_rep10.txt,10,0.5,15,10,20260218,177.000000,0.084340,356827,OPTIMAL,0,0,
classI_instance_0041_n10_g0.7_rep1.txt,10,0.7,5,1,20260209,57.000000,2.227010,7687891,OPTIMAL,0,0,
classI_instance_0042_n10_g0.7_rep2.txt,10,0.7,10,2,20260210,179.000000,0.891854,3211636,OPTIMAL,0,0,
classI_instance_0043_n10_g0.7_rep3.txt,10,0.7,5,3,20260211,40.000000,1.726319,6082629,OPTIMAL,0,0,
classI_instance_0044_n10_g0.7_rep4.txt,10,0.7,10,4,20260212,75.000000,1.873259,6794429,OPTIMAL,0,0,
classI_instance_0045_n10_g0.7_rep5.txt,10,0.7,15,5,20260213,84.000000,0.124576,447129,OPTIMAL,0,0,
classI_instance_0046_n10_g0.7_rep6.txt,10,0.7,10,6,20260214,58.000000,1.790940,6192317,OPTIMAL,0,0,
classI_instance_0047_n10_g0.7_rep7.txt,10,0.7,5,7,20260215,68.000000,5.298023,20080993,OPTIMAL,0,0,
classI_instance_0048_n10_g0.7_rep8.txt,10,0.7,15,8,20260216,115.000000,1.613422,6323055,OPTIMAL,0,0,
classI_instance_0049_n10_g0.7_rep9.txt,10,0.7,5,9,20260217,63.000000,3.732747,12499321,OPTIMAL,0,0,
classI_instance_0050_n10_g0.7_rep10.txt,10,0.7,15,10,20260218,135.000000,0.367553,1392912,OPTIMAL,0,0,
classI_instance_0051_n10_g0.9_rep1.txt,10,0.9,5,1,20260209,8.000000,6.996492,24301778,OPTIMAL,0,0,
classI_instance_0052_n10_g0.9_rep2.txt,10,0.9,10,2,20260210,133.000000,2.010536,7167702,OPTIMAL,0,0,
classI_instance_0053_n10_g0.9_rep3.txt,10,0.9,5,3,20260211,36.000000,3.615228,12356660,OPTIMAL,0,0,
classI_instance_0054_n10_g0.9_rep4.txt,10,0.9,10,4,20260212,75.000000,1.860207,6794429,OPTIMAL,0,0,
classI_instance_0055_n10_g0.9_rep5.txt,10,0.9,15,5,20260213,93.000000,0.145621,533966,OPTIMAL,0,0,
classI_instance_0056_n10_g0.9_rep6.txt,10,0.9,10,6,20260214,58.000000,1.802910,6192317,OPTIMAL,0,0,
classI_instance_0057_n10_g0.9_rep7.txt,10,0.9,5,7,20260215,44.000000,4.859358,16620837,OPTIMAL,0,0,
classI_instance_0058_n10_g0.9_rep8.txt,10,0.9,15,8,20260216,99.000000,2.273732,8092805,OPTIMAL,0,0,
classI_instance_0059_n10_g0.9_rep9.txt,10,0.9,5,9,20260217,14.000000,10.655594,35770329,OPTIMAL,0,0,
classI_instance_0060_n10_g0.9_rep10.txt,10,0.9,15,10,20260218,83.000000,3.159847,10961376,OPTIMAL,0,0,
classI_instance_0061_n15_g0.5_rep1.txt,15,0.5,5,1,20260209,165.000000,35.795809,100474725,OPTIMAL,0,0,
classI_instance_0062_n15_g0.5_rep2.txt,15,0.5,10,2,20260210,218.000000,11.677418,35199941,OPTIMAL,0,0,
classI_instance_0063_n15_g0.5_rep3.txt,15,0.5,5,3,20260211,90.000000,52.827080,156345298,OPTIMAL,0,0,
classI_instance_0064_n15_g0.5_rep4.txt,15,0.5,10,4,20260212,162.000000,8.860035,24922635,OPTIMAL,0,0,
classI_instance_0065_n15_g0.5_rep5.txt,15,0.5,15,5,20260213,153.000000,5.671343,16720631,OPTIMAL,0,0,
classI_instance_0066_n15_g0.5_rep6.txt,15,0.5,10,6,20260214,226.000000,24.492970,68165974,OPTIMAL,0,0,
classI_instance_0067_n15_g0.5_rep7.txt,15,0.5,5,7,20260215,166.000000,41.583234,119115615,OPTIMAL,0,0,
classI_instance_0068_n15_g0.5_rep8.txt,15,0.5,15,8,20260216,289.000000,8.583434,26262622,OPTIMAL,0,0,
classI_instance_0069_n15_g0.5_rep9.txt,15,0.5,5,9,20260217,219.000000,19.475789,56585941,OPTIMAL,0,0,
classI_instance_0070_n15_g0.5_rep10.txt,15,0.5,15,10,20260218,279.000000,9.559366,27314600,OPTIMAL,0,0,
classI_instance_0071_n15_g0.7_rep1.txt,15,0.7,5,1,20260209,109.000000,52.488825,135512367,OPTIMAL,0,0,
classI_instance_0072_n15_g0.7_rep2.txt,15,0.7,10,2,20260210,181.000000,47.119261,121298661,OPTIMAL,0,0,
classI_instance_0073_n15_g0.7_rep3.txt,15,0.7,5,3,20260211,48.000000,182.886855,510165344,OPTIMAL,0,0,
classI_instance_0074_n15_g0.7_rep4.txt,15,0.7,10,4,20260212,96.000000,95.943317,295709732,OPTIMAL,0,0,
classI_instance_0075_n15_g0.7_rep5.txt,15,0.7,15,5,20260213,153.000000,5.683870,16720631,OPTIMAL,0,0,
classI_instance_0076_n15_g0.7_rep6.txt,15,0.7,10,6,20260214,143.000000,25.021421,63063924,OPTIMAL,0,0,
classI_instance_0077_n15_g0.7_rep7.txt,15,0.7,5,7,20260215,89.000000,125.665440,337148498,OPTIMAL,0,0,
classI_instance_0078_n15_g0.7_rep8.txt,15,0.7,15,8,20260216,174.000000,43.117801,125588566,OPTIMAL,0,0,
classI_instance_0079_n15_g0.7_rep9.txt,15,0.7,5,9,20260217,167.000000,65.154426,195177615,OPTIMAL,0,0,
classI_instance_0080_n15_g0.7_rep10.txt,15,0.7,15,10,20260218,169.000000,22.301153,67728618,OPTIMAL,0,0,
classI_instance_0081_n15_g0.9_rep1.txt,15,0.9,5,1,20260209,60.000000,105.657274,273072166,OPTIMAL,0,0,
classI_instance_0082_n15_g0.9_rep2.txt,15,0.9,10,2,20260210,170.000000,104.299211,279804166,OPTIMAL,0,0,
classI_instance_0083_n15_g0.9_rep3.txt,15,0.9,5,3,20260211,21.000000,346.954885,932002132,OPTIMAL,0,0,
classI_instance_0084_n15_g0.9_rep4.txt,15,0.9,10,4,20260212,67.000000,157.363558,471722560,OPTIMAL,0,0,
classI_instance_0085_n15_g0.9_rep5.txt,15,0.9,15,5,20260213,52.000000,44.614001,115145504,OPTIMAL,0,0,
classI_instance_0086_n15_g0.9_rep6.txt,15,0.9,10,6,20260214,101.000000,128.421313,357875593,OPTIMAL,0,0,
classI_instance_0087_n15_g0.9_rep7.txt,15,0.9,5,7,20260215,71.000000,196.395462,542115096,OPTIMAL,0,0,
classI_instance_0088_n15_g0.9_rep8.txt,15,0.9,15,8,20260216,173.000000,110.649958,293292322,OPTIMAL,0,0,
classI_instance_0089_n15_g0.9_rep9.txt,15,0.9,5,9,20260217,53.000000,277.327816,715342957,OPTIMAL,0,0,
classI_instance_0090_n15_g0.9_rep10.txt,15,0.9,15,10,20260218,148.000000,62.432315,184265721,OPTIMAL,0,0,
classI_instance_0091_n20_g0.5_rep1.txt,20,0.5,5,1,20260209,195.000000,708.261036,1642477536,OPTIMAL,0,0,
classI_instance_0092_n20_g0.5_rep2.txt,20,0.5,10,2,20260210,265.000000,268.733473,651214993,OPTIMAL,0,0,
classI_instance_0093_n20_g0.5_rep3.txt,20,0.5,5,3,20260211,134.000000,721.049498,1576497597,OPTIMAL,0,0,
classI_instance_0094_n20_g0.5_rep4.txt,20,0.5,10,4,20260212,331.000000,376.238301,891511770,OPTIMAL,0,0,
classI_instance_0095_n20_g0.5_rep5.txt,20,0.5,15,5,20260213,311.000000,18.716299,48697030,OPTIMAL,0,0,
classI_instance_0096_n20_g0.5_rep6.txt,20,0.5,10,6,20260214,250.000000,254.070864,643771178,OPTIMAL,0,0,
classI_instance_0097_n20_g0.5_rep7.txt,20,0.5,5,7,20260215,221.000000,275.191289,646808645,OPTIMAL,0,0,
classI_instance_0098_n20_g0.5_rep8.txt,20,0.5,15,8,20260216,258.000000,251.885950,598761142,OPTIMAL,0,0,
classI_instance_0099_n20_g0.5_rep9.txt,20,0.5,5,9,20260217,229.000000,655.222934,1459628778,OPTIMAL,0,0,
classI_instance_0100_n20_g0.5_rep10.txt,20,0.5,15,10,20260218,227.000000,256.873050,646236775,OPTIMAL,0,0,
classI_instance_0101_n20_g0.7_rep1.txt,20,0.7,5,1,20260209,inf,1800.000000,TIME_LIMIT,TIME_LIMIT,1,0,
classI_instance_0102_n20_g0.7_rep2.txt,20,0.7,10,2,20260210,188.000000,1298.993471,2367835807,OPTIMAL,0,0,
classI_instance_0103_n20_g0.7_rep3.txt,20,0.7,5,3,20260211,inf,1800.000000,TIME_LIMIT,TIME_LIMIT,1,0,
classI_instance_0104_n20_g0.7_rep4.txt,20,0.7,10,4,20260212,217.000000,984.660762,2022546229,OPTIMAL,0,0,
classI_instance_0105_n20_g0.7_rep5.txt,20,0.7,15,5,20260213,147.000000,454.560598,996210684,OPTIMAL,0,0,
classI_instance_0106_n20_g0.7_rep6.txt,20,0.7,10,6,20260214,inf,1800.000000,TIME_LIMIT,TIME_LIMIT,1,0,
classI_instance_0107_n20_g0.7_rep7.txt,20,0.7,5,7,20260215,inf,1800.000000,TIME_LIMIT,TIME_LIMIT,1,0,
classI_instance_0108_n20_g0.7_rep8.txt,20,0.7,15,8,20260216,inf,1800.000000,TIME_LIMIT,TIME_LIMIT,1,0,
classI_instance_0109_n20_g0.7_rep9.txt,20,0.7,5,9,20260217,inf,1800.000000,TIME_LIMIT,TIME_LIMIT,1,0,
classI_instance_0110_n20_g0.7_rep10.txt,20,0.7,15,10,20260218,inf,1800.000000,TIME_LIMIT,TIME_LIMIT,1,0,
classI_instance_0111_n20_g0.9_rep1.txt,20,0.9,5,1,20260209,inf,1800.000000,TIME_LIMIT,TIME_LIMIT,1,0,
classI_instance_0112_n20_g0.9_rep2.txt,20,0.9,10,2,20260210,inf,1800.000000,TIME_LIMIT,TIME_LIMIT,1,0,
classI_instance_0113_n20_g0.9_rep3.txt,20,0.9,5,3,20260211,inf,1800.000000,TIME_LIMIT,TIME_LIMIT,1,0,
classI_instance_0114_n20_g0.9_rep4.txt,20,0.9,10,4,20260212,159.000000,1623.682658,2793492915,OPTIMAL,0,0,
classI_instance_0115_n20_g0.9_rep5.txt,20,0.9,15,5,20260213,182.000000,613.646609,1321888753,OPTIMAL,0,0,
classI_instance_0116_n20_g0.9_rep6.txt,20,0.9,10,6,20260214,inf,1800.000000,TIME_LIMIT,TIME_LIMIT,1,0,
classI_instance_0117_n20_g0.9_rep7.txt,20,0.9,5,7,20260215,inf,1800.000000,TIME_LIMIT,TIME_LIMIT,1,0,
classI_instance_0118_n20_g0.9_rep8.txt,20,0.9,15,8,20260216,inf,1800.000000,TIME_LIMIT,TIME_LIMIT,1,0,
classI_instance_0119_n20_g0.9_rep9.txt,20,0.9,5,9,20260217,inf,1800.000000,TIME_LIMIT,TIME_LIMIT,1,0,
classI_instance_0120_n20_g0.9_rep10.txt,20,0.9,15,10,20260218,inf,1800.000000,TIME_LIMIT,TIME_LIMIT,1,0,
classI_instance_0121_n25_g0.5_rep1.txt,25,0.5,5,1,20260209,inf,1800.000000,TIME_LIMIT,TIME_LIMIT,1,0,
classI_instance_0122_n25_g0.5_rep2.txt,25,0.5,10,2,20260210,inf,1800.000000,TIME_LIMIT,TIME_LIMIT,1,0,
classI_instance_0123_n25_g0.5_rep3.txt,25,0.5,5,3,20260211,inf,1800.000000,TIME_LIMIT,TIME_LIMIT,1,0,
classI_instance_0124_n25_g0.5_rep4.txt,25,0.5,10,4,20260212,inf,1800.000000,TIME_LIMIT,TIME_LIMIT,1,0,
classI_instance_0125_n25_g0.5_rep5.txt,25,0.5,15,5,20260213,inf,1800.000000,TIME_LIMIT,TIME_LIMIT,1,0,
classI_instance_0126_n25_g0.5_rep6.txt,25,0.5,10,6,20260214,inf,1800.000000,TIME_LIMIT,TIME_LIMIT,1,0,
classI_instance_0127_n25_g0.5_rep7.txt,25,0.5,5,7,20260215,inf,1800.000000,TIME_LIMIT,TIME_LIMIT,1,0,
classI_instance_0128_n25_g0.5_rep8.txt,25,0.5,15,8,20260216,inf,1800.000000,TIME_LIMIT,TIME_LIMIT,1,0,
classI_instance_0129_n25_g0.5_rep9.txt,25,0.5,5,9,20260217,inf,1800.000000,TIME_LIMIT,TIME_LIMIT,1,0,
classI_instance_0130_n25_g0.5_rep10.txt,25,0.5,15,10,20260218,inf,1800.000000,TIME_LIMIT,TIME_LIMIT,1,0,
classI_instance_0131_n25_g0.7_rep1.txt,25,0.7,5,1,20260209,inf,1800.000000,TIME_LIMIT,TIME_LIMIT,1,0,
classI_instance_0132_n25_g0.7_rep2.txt,25,0.7,10,2,20260210,inf,1800.000000,TIME_LIMIT,TIME_LIMIT,1,0,
classI_instance_0133_n25_g0.7_rep3.txt,25,0.7,5,3,20260211,inf,1800.000000,TIME_LIMIT,TIME_LIMIT,1,0,
classI_instance_0134_n25_g0.7_rep4.txt,25,0.7,10,4,20260212,inf,1800.000000,TIME_LIMIT,TIME_LIMIT,1,0,
classI_instance_0135_n25_g0.7_rep5.txt,25,0.7,15,5,20260213,inf,1800.000000,TIME_LIMIT,TIME_LIMIT,1,0,
classI_instance_0136_n25_g0.7_rep6.txt,25,0.7,10,6,20260214,inf,1800.000000,TIME_LIMIT,TIME_LIMIT,1,0,
classI_instance_0137_n25_g0.7_rep7.txt,25,0.7,5,7,20260215,inf,1800.000000,TIME_LIMIT,TIME_LIMIT,1,0,
classI_instance_0138_n25_g0.7_rep8.txt,25,0.7,15,8,20260216,inf,1800.000000,TIME_LIMIT,TIME_LIMIT,1,0,
classI_instance_0139_n25_g0.7_rep9.txt,25,0.7,5,9,20260217,inf,1800.000000,TIME_LIMIT,TIME_LIMIT,1,0,
classI_instance_0140_n25_g0.7_rep10.txt,25,0.7,15,10,20260218,inf,1800.000000,TIME_LIMIT,TIME_LIMIT,1,0,
classI_instance_0141_n25_g0.9_rep1.txt,25,0.9,5,1,20260209,inf,1800.000000,TIME_LIMIT,TIME_LIMIT,1,0,
classI_instance_0142_n25_g0.9_rep2.txt,25,0.9,10,2,20260210,inf,1800.000000,TIME_LIMIT,TIME_LIMIT,1,0,
classI_instance_0143_n25_g0.9_rep3.txt,25,0.9,5,3,20260211,inf,1800.000000,TIME_LIMIT,TIME_LIMIT,1,0,
classI_instance_0144_n25_g0.9_rep4.txt,25,0.9,10,4,20260212,inf,1800.000000,TIME_LIMIT,TIME_LIMIT,1,0,
classI_instance_0145_n25_g0.9_rep5.txt,25,0.9,15,5,20260213,inf,1800.000000,TIME_LIMIT,TIME_LIMIT,1,0,
classI_instance_0146_n25_g0.9_rep6.txt,25,0.9,10,6,20260214,inf,1800.000000,TIME_LIMIT,TIME_LIMIT,1,0,
classI_instance_0147_n25_g0.9_rep7.txt,25,0.9,5,7,20260215,inf,1800.000000,TIME_LIMIT,TIME_LIMIT,1,0,
classI_instance_0148_n25_g0.9_rep8.txt,25,0.9,15,8,20260216,inf,1800.000000,TIME_LIMIT,TIME_LIMIT,1,0,
classI_instance_0149_n25_g0.9_rep9.txt,25,0.9,5,9,20260217,inf,1800.000000,TIME_LIMIT,TIME_LIMIT,1,0,
classI_instance_0150_n25_g0.9_rep10.txt,25,0.9,15,10,20260218,inf,1800.000000,TIME_LIMIT,TIME_LIMIT,1,0,
classI_instance_0151_n30_g0.5_rep1.txt,30,0.5,5,1,20260209,inf,1800.000000,TIME_LIMIT,TIME_LIMIT,1,0,
classI_instance_0152_n30_g0.5_rep2.txt,30,0.5,10,2,20260210,inf,1800.000000,TIME_LIMIT,TIME_LIMIT,1,0,
classI_instance_0153_n30_g0.5_rep3.txt,30,0.5,5,3,20260211,inf,1800.000000,TIME_LIMIT,TIME_LIMIT,1,0,
classI_instance_0154_n30_g0.5_rep4.txt,30,0.5,10,4,20260212,inf,1800.000000,TIME_LIMIT,TIME_LIMIT,1,0,
classI_instance_0155_n30_g0.5_rep5.txt,30,0.5,15,5,20260213,inf,1800.000000,TIME_LIMIT,TIME_LIMIT,1,0,
classI_instance_0156_n30_g0.5_rep6.txt,30,0.5,10,6,20260214,inf,1800.000000,TIME_LIMIT,TIME_LIMIT,1,0,
classI_instance_0157_n30_g0.5_rep7.txt,30,0.5,5,7,20260215,inf,1800.000000,TIME_LIMIT,TIME_LIMIT,1,0,
classI_instance_0158_n30_g0.5_rep8.txt,30,0.5,15,8,20260216,inf,1800.000000,TIME_LIMIT,TIME_LIMIT,1,0,
classI_instance_0159_n30_g0.5_rep9.txt,30,0.5,5,9,20260217,inf,1800.000000,TIME_LIMIT,TIME_LIMIT,1,0,
classI_instance_0160_n30_g0.5_rep10.txt,30,0.5,15,10,20260218,inf,1800.000000,TIME_LIMIT,TIME_LIMIT,1,0,
classI_instance_0161_n30_g0.7_rep1.txt,30,0.7,5,1,20260209,inf,1800.000000,TIME_LIMIT,TIME_LIMIT,1,0,
classI_instance_0162_n30_g0.7_rep2.txt,30,0.7,10,2,20260210,inf,1800.000000,TIME_LIMIT,TIME_LIMIT,1,0,
classI_instance_0163_n30_g0.7_rep3.txt,30,0.7,5,3,20260211,inf,1800.000000,TIME_LIMIT,TIME_LIMIT,1,0,
classI_instance_0164_n30_g0.7_rep4.txt,30,0.7,10,4,20260212,inf,1800.000000,TIME_LIMIT,TIME_LIMIT,1,0,
classI_instance_0165_n30_g0.7_rep5.txt,30,0.7,15,5,20260213,inf,1800.000000,TIME_LIMIT,TIME_LIMIT,1,0,
classI_instance_0166_n30_g0.7_rep6.txt,30,0.7,10,6,20260214,inf,1800.000000,TIME_LIMIT,TIME_LIMIT,1,0,
classI_instance_0167_n30_g0.7_rep7.txt,30,0.7,5,7,20260215,inf,1800.000000,TIME_LIMIT,TIME_LIMIT,1,0,
classI_instance_0168_n30_g0.7_rep8.txt,30,0.7,15,8,20260216,inf,1800.000000,TIME_LIMIT,TIME_LIMIT,1,0,
classI_instance_0169_n30_g0.7_rep9.txt,30,0.7,5,9,20260217,inf,1800.000000,TIME_LIMIT,TIME_LIMIT,1,0,
classI_instance_0170_n30_g0.7_rep10.txt,30,0.7,15,10,20260218,inf,1800.000000,TIME_LIMIT,TIME_LIMIT,1,0,
classI_instance_0171_n30_g0.9_rep1.txt,30,0.9,5,1,20260209,inf,1800.000000,TIME_LIMIT,TIME_LIMIT,1,0,
classI_instance_0172_n30_g0.9_rep2.txt,30,0.9,10,2,20260210,inf,1800.000000,TIME_LIMIT,TIME_LIMIT,1,0,
classI_instance_0173_n30_g0.9_rep3.txt,30,0.9,5,3,20260211,inf,1800.000000,TIME_LIMIT,TIME_LIMIT,1,0,
classI_instance_0174_n30_g0.9_rep4.txt,30,0.9,10,4,20260212,inf,1800.000000,TIME_LIMIT,TIME_LIMIT,1,0,
classI_instance_0175_n30_g0.9_rep5.txt,30,0.9,15,5,20260213,inf,1800.000000,TIME_LIMIT,TIME_LIMIT,1,0,
classI_instance_0176_n30_g0.9_rep6.txt,30,0.9,10,6,20260214,inf,1800.000000,TIME_LIMIT,TIME_LIMIT,1,0,
classI_instance_0177_n30_g0.9_rep7.txt,30,0.9,5,7,20260215,inf,1800.000000,TIME_LIMIT,TIME_LIMIT,1,0,
classI_instance_0178_n30_g0.9_rep8.txt,30,0.9,15,8,20260216,inf,1800.000000,TIME_LIMIT,TIME_LIMIT,1,0,
classI_instance_0179_n30_g0.9_rep9.txt,30,0.9,5,9,20260217,inf,1800.000000,TIME_LIMIT,TIME_LIMIT,1,0,
classI_instance_0180_n30_g0.9_rep10.txt,30,0.9,15,10,20260218,inf,1800.000000,TIME_LIMIT,TIME_LIMIT,1,0,
